city,description
Alalobed Hot Springs,Natural hot springs with therapeutic properties.
Alalobed Hot Springs,Relax in mineral-rich waters.
Alalobed Hot Springs,Enjoy scenic views while soaking in the springs.
Alalobed Hot Springs,Take nature walks around the hot springs area.
Alalobed Hot Springs,Observe local wildlife in their natural habitat.
Alalobed Hot Springs,Learn about the geological formation of the springs.
Alalobed Hot Springs,Experience the calming and healing effects of the hot water.
Alalobed Hot Springs,Visit nearby traditional villages.
Alalobed Hot Springs,Engage in birdwatching activities.
Alalobed Hot Springs,Taste local cuisine at nearby eateries.
Alalobed Hot Springs,Join guided tours to explore the area.
Alalobed Hot Springs,Photograph the beautiful natural scenery.
Alalobed Hot Springs,Discover the cultural significance of the springs to locals.
Alalobed Hot Springs,Enjoy picnic spots with family and friends.
Alalobed Hot Springs,Participate in wellness and spa treatments.
Alalobed Hot Springs,Learn about the local flora and fauna.
Alalobed Hot Springs,Visit during sunrise or sunset for spectacular views.
Alalobed Hot Springs,Camp near the hot springs for an overnight adventure.
Alalobed Hot Springs,Experience the serene and peaceful environment.
Alalobed Hot Springs,Take part in meditation and relaxation sessions.
Alalobed Hot Springs,Enjoy star gazing at night.
Alalobed Hot Springs,Explore hiking trails in the surrounding area.
Alalobed Hot Springs,Experience traditional music and dance performances by local communities.
Alalobed Hot Springs,Join eco-tourism activities to support local conservation efforts.
