city,description
Negash,Historic town in northern Ethiopia
Negash,Early Islamic settlements and cultural significance
Negash,Visit the Negash Amedin Mesgid Mosque a symbol of religious tolerance and diversity.
Negash,Explore the ancient Negash Amedin Mesgid Cemetery a resting place of early Islamic leaders.
Negash,Learn about the rich history and heritage of Negash at local museums and cultural centers.
Negash,Enjoy traditional Ethiopian cuisine at local restaurants and cafes.
Negash,Shop for handmade crafts and souvenirs at local markets.
Negash,Attend cultural festivals and events showcasing traditional music dance and rituals
Negash,Experience the hospitality of the local community and engage in cultural exchanges.
Negash,Take guided tours to nearby historical sites and natural attractions.
Negash,Participate in community development initiatives supporting education and healthcare.
Negash,Hiking and exploring the scenic landscapes surrounding Negash.
Negash,Photography opportunities of historical and cultural landmarks.
Negash,Interacting with local artisans and learning traditional crafts.
